{
    "accuracy": 0.9425778863775198,
    "precision": 0.8298969072164949,
    "recall": 0.7252252252252253,
    "auc": 0.9363225416228949
}
